{"event":[{"query":{"id":[{"timestamp_usec":"1514146833482109"}],"query_text":"what is my ip"}},{"query":{"id":[{"timestamp_usec":"1514145751823673"},{"timestamp_usec":"1514145822722818"}],"query_text":"dot kich"}},{"query":{"id":[{"timestamp_usec":"1514141541075532"}],"query_text":"gmail"}},{"query":{"id":[{"timestamp_usec":"1514137909919108"}],"query_text":"doi cau bao mat tai khoan"}},{"query":{"id":[{"timestamp_usec":"1514137651582170"}],"query_text":"xoa sdt da xac thuc lích cf"}},{"query":{"id":[{"timestamp_usec":"1512493644598580"}],"query_text":"phim xex"}},{"query":{"id":[{"timestamp_usec":"1512493627973319"}],"query_text":"vxl"}},{"query":{"id":[{"timestamp_usec":"1512493602722025"}],"query_text":"xxxl"}},{"query":{"id":[{"timestamp_usec":"1512492249689614"}],"query_text":"vxl"}},{"query":{"id":[{"timestamp_usec":"1512492211719908"}],"query_text":"xlxxl"}},{"query":{"id":[{"timestamp_usec":"1512492192270364"}],"query_text":"xlxxl 2017"}},{"query":{"id":[{"timestamp_usec":"1512492087561928"}],"query_text":"mod skin"}},{"query":{"id":[{"timestamp_usec":"1512476253087755"}],"query_text":"nhac san remix"}},{"query":{"id":[{"timestamp_usec":"1512476084088232"}],"query_text":"75+75"}},{"query":{"id":[{"timestamp_usec":"1512475656281447"}],"query_text":"hom bau vat"}}]}